Seconds_played,Home_or_Away,FG,FGA,FG%,3P,3PA,3P%,FT,FTA,FT%,ORB,DRB,TRB,AST,STL,BLK,TOV,PF,PTS,GmSc,+/-,TS%,eFG%,ORB%,DRB%,TRB%,AST%,STL%,BLK%,TOV%,USG%,ORtg,DRtg,BPM,WinOrLoss,Margin
2005,1,12,17,1,1,3,0,2,2,1,2,2,4,6,3,0,3,4,27,24,-5,1,1,7,8,7,38,4,0,14,27,136,119,14,0,21
2005,1,12,17,1,1,3,0,2,2,1,2,2,4,6,3,0,3,4,27,24,-5,0,0,19,32,26,33,2,0,7,22,124,83,6,0,21
1709,0,6,12,0,0,0,0,1,3,0,5,9,14,6,1,0,1,6,13,14,15,1,1,7,8,7,38,4,0,14,27,136,119,14,1,29
1709,0,6,12,0,0,0,0,1,3,0,5,9,14,6,1,0,1,6,13,14,15,0,0,19,32,26,33,2,0,7,22,124,83,6,1,29
2064,1,7,13,1,1,2,0,11,11,1,3,9,12,10,0,0,5,4,26,25,-3,1,1,10,35,22,38,0,0,22,27,138,119,7,1,5
2064,1,7,13,1,1,2,0,11,11,1,3,9,12,10,0,0,5,4,26,25,-3,1,1,11,22,16,35,0,0,12,32,126,125,6,1,5
2234,0,10,19,1,1,3,0,6,9,1,3,6,9,9,0,0,3,4,27,22,6,1,1,10,35,22,38,0,0,22,27,138,119,7,1,9
2234,0,10,19,1,1,3,0,6,9,1,3,6,9,9,0,0,3,4,27,22,6,1,1,11,22,16,35,0,0,12,32,126,125,6,1,9
2321,0,6,10,1,1,1,1,6,9,1,1,15,16,13,1,1,3,2,19,25,18,1,1,3,40,21,47,1,2,18,18,142,105,12,1,5
2321,0,6,10,1,1,1,1,6,9,1,1,15,16,13,1,1,3,2,19,25,18,1,1,8,28,19,41,1,0,24,21,137,113,10,1,5
2283,1,9,13,1,2,3,1,0,0,0,2,9,11,12,1,0,4,4,20,22,7,1,1,3,40,21,47,1,2,18,18,142,105,12,1,9
2283,1,9,13,1,2,3,1,0,0,0,2,9,11,12,1,0,4,4,20,22,7,1,1,8,28,19,41,1,0,24,21,137,113,10,1,9
1618,1,3,4,1,0,0,0,3,3,1,1,8,9,9,0,0,1,5,9,14,-10,1,1,4,38,19,40,0,0,16,11,172,141,6,0,25
1618,1,3,4,1,0,0,0,3,3,1,1,8,9,9,0,0,1,5,9,14,-10,1,1,6,24,15,38,3,0,11,42,128,109,22,0,25
2348,1,15,26,1,5,8,1,8,12,1,2,9,11,6,2,0,4,3,43,34,-14,1,1,4,38,19,40,0,0,16,11,172,141,6,0,6
2348,1,15,26,1,5,8,1,8,12,1,2,9,11,6,2,0,4,3,43,34,-14,1,1,6,24,15,38,3,0,11,42,128,109,22,0,6
2088,0,12,17,1,0,4,0,7,7,1,1,12,13,9,4,0,3,3,31,34,28,1,1,3,32,18,49,5,0,13,28,141,89,20,1,11
2088,0,12,17,1,0,4,0,7,7,1,1,12,13,9,4,0,3,3,31,34,28,0,0,22,24,22,55,2,5,6,36,118,110,11,1,11
2515,0,8,29,0,3,8,0,9,10,1,9,8,17,12,2,2,2,4,28,27,3,1,1,3,32,18,49,5,0,13,28,141,89,20,1,3
2515,0,8,29,0,3,8,0,9,10,1,9,8,17,12,2,2,2,4,28,27,3,0,0,22,24,22,55,2,5,6,36,118,110,11,1,3
1528,0,3,10,0,0,4,0,6,8,1,3,7,10,6,1,1,1,1,12,14,8,0,0,12,27,20,34,2,4,7,24,125,98,8,1,16
1528,0,3,10,0,0,4,0,6,8,1,3,7,10,6,1,1,1,1,12,14,8,1,0,25,39,32,21,0,0,12,33,123,112,5,1,16
1976,0,9,21,0,1,2,0,5,5,1,8,11,19,5,0,0,3,1,24,22,19,0,0,12,27,20,34,2,4,7,24,125,98,8,1,18
1976,0,9,21,0,1,2,0,5,5,1,8,11,19,5,0,0,3,1,24,22,19,1,0,25,39,32,21,0,0,12,33,123,112,5,1,18
2152,1,8,16,0,1,5,0,6,7,1,4,10,14,6,0,2,2,0,23,24,0,1,1,10,28,19,26,0,4,10,25,130,120,9,0,11
2152,1,8,16,0,1,5,0,6,7,1,4,10,14,6,0,2,2,0,23,24,0,1,1,11,32,23,36,3,2,9,42,118,88,18,0,11
2476,0,17,30,1,2,6,0,3,4,1,3,13,16,5,2,1,3,2,39,33,2,1,1,10,28,19,26,0,4,10,25,130,120,9,1,10
2476,0,17,30,1,2,6,0,3,4,1,3,13,16,5,2,1,3,2,39,33,2,1,1,11,32,23,36,3,2,9,42,118,88,18,1,10
2138,1,6,9,1,0,0,0,3,3,1,0,13,13,14,1,0,10,3,15,15,15,1,1,0,36,20,51,1,0,49,25,102,105,3,1,12
2138,1,6,9,1,0,0,0,3,3,1,0,13,13,14,1,0,10,3,15,15,15,1,1,14,30,21,64,0,2,21,28,131,120,16,1,12
2516,1,11,19,1,1,2,0,7,8,1,6,11,17,17,0,1,6,3,30,34,5,1,1,0,36,20,51,1,0,49,25,102,105,3,0,7
2516,1,11,19,1,1,2,0,7,8,1,6,11,17,17,0,1,6,3,30,34,5,1,1,14,30,21,64,0,2,21,28,131,120,16,0,7
1594,0,9,10,1,1,1,1,2,2,1,0,6,6,10,2,0,4,2,21,24,20,1,1,0,25,14,49,4,0,27,25,150,100,19,1,25
1594,0,9,10,1,1,1,1,2,2,1,0,6,6,10,2,0,4,2,21,24,20,1,1,4,11,7,52,0,2,14,47,137,141,19,1,25
2367,1,20,30,1,2,4,0,11,13,1,1,3,4,11,0,1,6,2,53,42,2,1,1,0,25,14,49,4,0,27,25,150,100,19,0,5
2367,1,20,30,1,2,4,0,11,13,1,1,3,4,11,0,1,6,2,53,42,2,1,1,4,11,7,52,0,2,14,47,137,141,19,0,5
2037,1,11,20,1,0,1,0,4,5,1,1,7,8,10,2,3,4,2,26,25,15,1,1,4,24,14,45,3,9,15,32,115,99,10,1,6
2037,1,11,20,1,0,1,0,4,5,1,1,7,8,10,2,3,4,2,26,25,15,1,1,12,24,18,58,1,4,15,31,129,101,16,1,6
2253,0,12,20,1,2,3,1,3,5,1,4,9,13,12,1,2,4,3,29,30,18,1,1,4,24,14,45,3,9,15,32,115,99,10,1,16
2253,0,12,20,1,2,3,1,3,5,1,4,9,13,12,1,2,4,3,29,30,18,1,1,12,24,18,58,1,4,15,31,129,101,16,1,16
1242,1,10,20,0,1,3,0,3,3,1,1,3,4,6,2,1,1,5,24,20,11,1,1,5,15,10,70,4,4,4,43,123,104,13,1,3
1242,1,10,20,0,1,3,0,3,3,1,1,3,4,6,2,1,1,5,24,20,11,1,1,11,25,18,56,4,2,9,27,159,97,24,1,3
2254,1,13,18,1,0,1,0,6,6,1,3,7,10,12,3,1,2,4,32,37,28,1,1,5,15,10,70,4,4,4,43,123,104,13,1,25
2254,1,13,18,1,0,1,0,6,6,1,3,7,10,12,3,1,2,4,32,37,28,1,1,11,25,18,56,4,2,9,27,159,97,24,1,25
1784,1,12,20,1,2,4,0,3,4,1,3,5,8,3,0,0,2,4,29,22,-14,1,1,10,22,15,21,0,0,8,36,127,141,8,0,19
1784,1,12,20,1,2,4,0,3,4,1,3,5,8,3,0,0,2,4,29,22,-14,1,1,17,46,31,44,0,4,20,26,157,130,19,0,19
2546,0,12,17,1,3,3,1,7,8,1,6,15,21,14,0,2,5,4,34,40,11,1,1,10,22,15,21,0,0,8,36,127,141,8,1,6
2546,0,12,17,1,3,3,1,7,8,1,6,15,21,14,0,2,5,4,34,40,11,1,1,17,46,31,44,0,4,20,26,157,130,19,1,6
1656,1,4,4,1,0,0,0,0,0,0,0,6,6,14,3,0,2,0,8,19,29,1,1,0,27,14,59,5,0,33,10,172,97,22,1,23
1656,1,4,4,1,0,0,0,0,0,0,0,6,6,14,3,0,2,0,8,19,29,0,0,10,35,22,48,4,0,18,29,107,99,8,1,23
2517,0,9,21,0,0,3,0,5,6,1,4,13,17,12,3,0,5,3,23,23,7,1,1,0,27,14,59,5,0,33,10,172,97,22,1,5
2517,0,9,21,0,0,3,0,5,6,1,4,13,17,12,3,0,5,3,23,23,7,0,0,10,35,22,48,4,0,18,29,107,99,8,1,5
2295,1,9,19,0,2,5,0,4,7,1,1,5,6,8,1,0,2,4,24,18,15,0,0,0,0,0,0,0,0,0,0,0,0,0,1,11
2295,1,9,19,0,2,5,0,4,7,1,1,5,6,8,1,0,2,4,24,18,15,1,1,3,14,9,31,1,0,8,30,114,114,3,1,11
2716,1,11,24,0,3,6,0,5,6,1,3,11,14,13,1,3,3,5,30,30,6,0,0,0,0,0,0,0,0,0,0,0,0,0,1,2
2716,1,11,24,0,3,6,0,5,6,1,3,11,14,13,1,3,3,5,30,30,6,1,1,8,32,19,47,1,5,10,31,127,117,13,1,2
2427,0,8,12,1,1,2,0,10,12,1,0,10,10,14,1,1,2,1,27,33,14,0,0,0,0,0,0,0,0,0,0,0,0,0,1,11
2427,0,8,12,1,1,2,0,10,12,1,0,10,10,14,1,1,2,1,27,33,14,1,1,0,24,14,54,1,2,10,23,156,98,22,1,11
2204,0,12,16,1,0,0,0,7,11,1,2,7,9,10,1,1,5,3,31,29,13,1,1,6,24,14,48,1,2,19,30,130,113,15,0,2
2589,1,11,15,1,1,3,0,16,18,1,3,7,10,9,0,0,4,5,39,37,11,1,1,8,17,13,39,0,0,15,27,160,126,13,1,5
1944,1,7,13,1,0,1,0,5,7,1,2,11,13,6,2,1,2,3,19,20,19,1,1,8,53,28,26,3,3,11,26,124,107,8,1,10
1647,0,11,17,1,1,2,0,9,10,1,6,6,12,8,0,0,3,2,32,32,8,1,1,28,25,26,46,0,0,12,38,154,118,17,1,16
1653,0,7,9,1,2,3,1,1,1,1,1,8,9,12,1,1,4,5,17,21,10,1,1,5,32,19,66,2,4,30,23,148,99,18,1,20
2104,1,10,15,1,3,6,0,1,4,0,1,9,10,8,1,0,2,2,24,24,-8,1,1,3,34,18,35,2,0,11,24,135,121,12,0,8
2237,1,13,19,1,1,4,0,5,9,1,4,12,16,9,2,1,4,4,32,32,2,1,1,13,39,26,48,3,2,15,31,131,115,17,0,15
2043,0,7,13,1,0,3,0,5,6,1,0,8,8,8,1,0,3,1,19,18,2,1,1,0,35,16,37,2,0,16,24,119,121,4,0,1
2061,1,14,25,1,1,3,0,4,6,1,3,7,10,9,0,1,6,1,33,25,-8,1,1,10,22,16,46,0,3,18,40,118,125,7,1,1
2122,0,11,20,1,1,4,0,8,10,1,3,9,12,14,1,4,3,3,31,35,10,1,1,11,28,20,59,1,12,11,37,134,107,22,1,5
1983,0,17,20,1,0,2,0,9,10,1,2,12,14,8,5,1,8,2,43,43,28,1,1,11,42,30,40,7,3,25,40,136,105,20,1,13
2117,1,8,15,1,1,3,0,8,9,1,2,9,11,8,4,0,5,3,25,25,-14,1,1,6,30,18,39,5,0,21,29,119,112,11,0,18
2381,0,13,26,0,2,4,0,12,17,1,7,20,27,10,2,0,5,4,40,38,20,1,1,17,46,32,44,2,0,13,38,122,99,16,1,4
2225,0,6,12,0,1,1,1,0,1,0,4,9,13,13,2,0,4,1,13,19,13,1,1,11,28,19,52,3,0,24,18,112,90,11,1,14
2143,0,12,21,1,0,0,0,5,8,1,2,6,8,11,2,0,2,4,29,27,8,1,1,8,17,13,48,3,0,8,35,127,108,10,1,13
2665,0,16,25,1,2,4,0,7,9,1,4,11,15,15,0,1,3,4,41,42,12,1,1,10,27,19,69,0,2,9,32,148,119,21,1,3
2213,1,7,10,1,0,0,0,6,6,1,0,9,9,11,1,0,0,3,20,26,13,1,1,0,31,15,45,1,0,0,15,181,111,13,1,7
1949,1,15,24,1,0,3,0,10,10,1,1,6,7,6,1,1,5,3,40,31,-1,1,1,5,23,15,33,2,2,15,45,128,127,7,0,1
2177,0,8,15,1,2,3,1,1,1,1,1,11,12,12,1,1,3,3,19,22,14,1,1,4,35,22,46,1,2,16,23,131,113,9,1,5
1922,0,10,13,1,2,2,1,8,8,1,0,12,12,12,1,0,0,1,30,38,14,1,1,0,41,24,60,2,0,0,24,194,106,28,1,12
1997,1,10,20,0,1,3,0,3,4,1,1,6,7,9,2,0,5,4,24,18,-9,1,1,3,23,12,47,3,0,19,34,109,126,5,0,13
1451,0,4,8,0,0,1,0,4,5,1,0,6,6,9,1,0,2,0,12,15,18,1,0,0,22,12,48,2,0,16,22,128,91,11,1,31
2123,0,10,17,1,3,4,1,5,5,1,4,11,15,10,2,0,4,4,28,30,18,1,1,16,28,23,46,3,0,17,30,147,110,17,1,13
2109,0,5,5,1,1,1,1,3,3,1,2,9,11,16,1,1,4,2,14,25,10,1,1,6,24,15,56,1,2,39,11,161,103,16,1,13
1698,0,10,15,1,0,0,0,1,3,0,4,14,18,9,1,0,3,3,21,24,17,1,1,19,52,37,49,2,0,16,31,133,88,12,1,29
2087,0,8,11,1,1,4,0,0,0,0,0,10,10,14,2,1,4,3,17,23,16,1,1,0,35,17,52,3,2,27,18,137,111,14,1,3
2068,0,13,14,1,1,2,0,9,10,1,2,10,12,10,1,1,4,2,36,39,19,1,1,7,39,22,54,1,3,18,28,165,112,24,1,9
1872,0,12,20,1,0,0,0,7,7,1,4,7,11,13,1,0,3,5,31,32,21,1,1,19,28,24,75,2,0,12,36,143,118,20,1,4
2165,1,11,15,1,2,4,0,1,2,0,2,9,11,10,1,0,3,2,25,27,-6,1,1,7,29,19,55,2,0,16,26,143,106,17,1,1
2299,1,8,12,1,2,2,1,6,6,1,1,7,8,9,0,2,7,2,24,22,-1,1,1,4,21,13,33,0,5,32,26,123,131,5,0,7
2280,0,10,14,1,1,3,0,5,5,1,1,17,18,15,1,1,5,2,26,32,20,1,1,3,51,28,62,1,2,24,23,144,104,18,1,9
1962,0,9,13,1,0,0,0,4,5,1,2,12,14,16,1,1,3,0,22,31,26,1,1,8,43,26,62,2,3,16,24,151,111,20,1,17
2060,0,5,8,1,0,1,0,4,5,1,3,15,18,10,1,2,5,3,14,20,20,1,1,9,46,28,34,1,4,33,18,122,100,6,1,20
1665,0,8,10,1,0,1,0,4,5,1,1,11,12,16,1,1,1,1,20,31,40,1,1,5,41,26,63,2,4,8,20,177,103,25,1,34
2259,1,10,19,1,3,5,1,6,9,1,2,10,12,6,1,2,7,3,29,21,8,1,1,6,27,18,29,1,4,23,34,103,110,6,0,11
2043,1,11,22,0,0,0,0,8,9,1,7,9,16,10,0,2,4,1,30,30,22,1,0,22,30,26,41,0,5,13,35,123,100,13,1,14
2034,1,12,14,1,0,0,0,3,3,1,0,12,12,8,0,0,0,3,27,30,5,1,1,0,40,23,42,0,0,0,23,186,115,16,1,4
2048,0,6,9,1,0,0,0,2,3,1,1,12,13,10,1,1,5,2,14,17,9,1,1,4,39,25,36,2,3,33,21,114,109,4,1,9
2151,1,8,13,1,2,2,1,6,6,1,7,11,18,13,2,0,7,3,24,29,14,1,1,20,35,27,62,3,0,31,28,135,110,17,1,6
1601,1,7,11,1,0,0,0,1,1,1,3,10,13,3,0,0,3,1,15,14,-20,1,1,11,38,24,23,0,0,21,24,112,112,3,0,18
2493,0,14,21,1,0,1,0,12,15,1,8,9,17,10,3,0,1,2,40,46,11,1,1,24,26,25,41,4,0,4,30,162,111,22,1,10
1665,1,7,11,1,0,0,0,0,1,0,5,6,11,10,0,0,4,2,14,16,31,1,1,21,25,23,42,0,0,26,24,127,115,2,1,21
2118,0,7,10,1,0,0,0,4,6,1,3,15,18,10,0,1,2,5,18,23,16,1,1,10,41,26,45,0,3,14,18,145,97,14,1,16
2173,0,5,8,1,1,1,1,6,6,1,3,10,13,9,0,1,4,1,17,21,7,1,1,10,33,21,33,0,2,27,18,140,116,8,1,5
2102,0,7,16,0,3,9,0,1,4,0,1,11,12,8,0,0,5,1,18,13,-14,1,1,3,36,18,40,0,0,22,30,92,123,1,0,21
2310,1,14,24,1,4,6,1,5,6,1,3,8,11,11,3,0,5,2,37,35,-2,1,1,8,26,16,52,4,0,16,35,127,120,13,0,8
2340,0,14,23,1,0,1,0,7,10,1,6,14,20,11,2,2,3,2,35,39,14,1,1,19,45,32,49,3,6,10,32,142,118,19,0,2
2092,1,10,13,1,0,1,0,8,8,1,2,6,8,7,1,0,4,3,28,27,-8,1,1,8,20,14,34,1,0,20,28,143,131,9,0,15
2009,1,14,18,1,0,1,0,2,3,1,4,6,10,9,1,1,1,2,30,33,13,1,1,16,18,17,48,2,2,5,27,164,105,21,1,19
2211,1,11,18,1,1,5,0,1,1,1,2,8,10,8,0,1,6,2,24,19,2,1,1,8,25,17,36,0,3,24,31,108,122,5,0,6
2187,1,9,12,1,0,0,0,4,4,1,4,13,17,10,2,0,1,5,22,30,13,1,1,18,40,31,44,3,0,7,19,171,103,18,1,6
2016,1,12,16,1,2,3,1,5,5,1,5,7,12,7,3,0,2,1,31,36,28,1,1,19,25,22,40,5,0,10,28,168,109,26,1,14
1913,0,10,20,0,1,6,0,10,11,1,1,5,6,11,1,0,3,2,31,28,19,1,1,4,17,10,52,2,0,11,38,131,104,14,1,23
2098,0,8,11,1,0,0,0,9,11,1,3,14,17,12,0,2,3,3,25,32,11,1,1,11,45,28,51,0,5,16,24,154,110,17,1,5
1481,1,7,13,1,0,2,0,0,1,0,2,8,10,4,2,3,8,1,14,10,-21,1,1,8,29,19,28,4,8,37,36,73,107,-4,0,21
1598,1,2,5,0,0,1,0,2,2,1,0,10,10,10,2,0,4,2,6,10,-5,1,0,0,34,18,48,3,0,40,16,99,99,2,0,4
2083,1,13,22,1,1,6,0,0,0,0,2,11,13,2,2,0,3,3,27,21,28,1,1,7,30,20,11,3,0,12,33,109,92,4,1,12
2083,1,13,22,1,1,6,0,0,0,0,2,11,13,2,2,0,3,3,27,21,28,0,0,14,23,18,32,4,3,10,37,103,120,5,1,12
2074,1,12,25,0,0,4,0,1,2,0,4,6,10,6,3,1,3,4,25,20,-19,1,1,7,30,20,11,3,0,12,33,109,92,4,0,16
2074,1,12,25,0,0,4,0,1,2,0,4,6,10,6,3,1,3,4,25,20,-19,0,0,14,23,18,32,4,3,10,37,103,120,5,0,16
2017,0,14,19,1,2,2,1,2,3,1,5,11,16,7,3,1,6,4,32,32,14,1,1,18,39,29,42,4,2,23,34,127,85,21,1,6
2017,0,14,19,1,2,2,1,2,3,1,5,11,16,7,3,1,6,4,32,32,14,1,0,18,28,23,31,2,8,11,40,122,126,9,1,6
1697,1,9,20,0,0,4,0,8,8,1,5,6,11,4,1,2,3,5,26,21,-26,1,1,18,39,29,42,4,2,23,34,127,85,21,0,20
1697,1,9,20,0,0,4,0,8,8,1,5,6,11,4,1,2,3,5,26,21,-26,1,0,18,28,23,31,2,8,11,40,122,126,9,0,20
2097,0,9,15,1,1,4,0,5,6,1,3,16,19,3,3,0,6,3,24,22,-12,1,1,8,47,27,18,4,0,25,29,105,90,10,0,12
2097,0,9,15,1,1,4,0,5,6,1,3,16,19,3,3,0,6,3,24,22,-12,1,1,14,47,30,28,4,0,16,36,129,117,14,0,12
2302,0,14,22,1,2,3,1,7,9,1,4,14,18,5,3,0,5,3,37,34,3,1,1,8,47,27,18,4,0,25,29,105,90,10,0,5
2302,0,14,22,1,2,3,1,7,9,1,4,14,18,5,3,0,5,3,37,34,3,1,1,14,47,30,28,4,0,16,36,129,117,14,0,5
900,1,8,9,1,3,3,1,5,7,1,1,5,6,6,0,0,1,1,24,25,7,1,1,8,42,25,100,0,0,8,39,191,122,49,0,12
900,1,8,9,1,3,3,1,5,7,1,1,5,6,6,0,0,1,1,24,25,7,1,1,4,24,15,33,0,0,23,36,122,121,6,0,12
2262,0,14,21,1,3,5,1,6,6,1,1,7,8,6,0,0,7,3,37,27,-2,1,1,8,42,25,100,0,0,8,39,191,122,49,1,5
2262,0,14,21,1,3,5,1,6,6,1,1,7,8,6,0,0,7,3,37,27,-2,1,1,4,24,15,33,0,0,23,36,122,121,6,1,5
1515,0,5,9,1,1,3,0,0,0,0,2,14,16,8,1,0,1,4,11,16,26,1,1,11,51,35,45,2,0,10,18,137,67,17,1,31
1515,0,5,9,1,1,3,0,0,0,0,2,14,16,8,1,0,1,4,11,16,26,1,1,10,57,33,66,2,6,22,38,117,99,20,1,31
1932,1,12,18,1,0,2,0,6,8,1,3,16,19,8,1,2,6,5,30,28,0,1,1,11,51,35,45,2,0,10,18,137,67,17,0,4
1932,1,12,18,1,0,2,0,6,8,1,3,16,19,8,1,2,6,5,30,28,0,1,1,10,57,33,66,2,6,22,38,117,99,20,0,4
2200,1,10,23,0,3,8,0,3,4,1,5,14,19,7,1,2,7,2,26,21,17,1,0,14,37,26,40,1,6,22,37,97,86,9,1,2
1983,1,9,15,1,2,6,0,3,4,1,1,6,7,7,0,4,3,2,23,22,0,1,1,3,19,11,39,0,9,15,27,120,105,14,0,9
2101,1,11,20,1,2,5,0,10,10,1,2,9,11,5,2,0,2,3,34,31,-3,1,1,6,34,19,24,3,0,8,34,141,112,18,0,2
2183,0,9,15,1,1,3,0,9,11,1,2,12,14,2,2,1,5,5,28,22,7,1,1,5,38,20,11,3,3,20,30,116,93,8,1,1
2004,0,10,14,1,0,0,0,5,8,1,4,11,15,10,2,2,2,3,25,31,14,1,1,13,37,25,52,3,7,10,25,148,91,24,1,17
2129,0,10,22,0,1,8,0,1,4,0,5,14,19,10,1,0,2,5,22,21,19,0,0,15,36,26,51,1,0,8,33,109,95,10,1,9
1677,0,11,17,1,3,3,1,3,3,1,2,7,9,9,0,0,3,2,28,26,9,1,1,8,28,18,55,0,0,14,35,150,109,20,1,29
2212,1,15,26,1,2,6,0,3,6,0,3,13,16,6,0,2,3,1,35,30,-1,1,1,9,37,23,38,0,5,10,40,121,116,16,0,10
2124,0,10,17,1,3,4,1,7,9,1,1,9,10,7,0,1,1,3,30,28,-5,1,1,3,29,15,52,0,2,5,28,145,111,20,0,14
1955,1,9,14,1,1,2,0,5,6,1,3,12,15,7,1,0,1,2,24,27,17,1,1,14,42,30,35,2,0,6,27,157,111,14,1,9
2171,1,7,19,0,0,5,0,4,5,1,1,14,15,7,1,0,5,1,18,12,2,0,0,3,53,27,31,1,0,19,34,82,108,-2,0,5
1616,1,14,19,1,3,7,0,1,1,1,3,8,11,5,0,0,4,0,32,28,12,1,1,17,28,24,47,0,0,17,42,138,110,19,1,14
2167,1,6,17,0,1,5,0,4,6,1,1,11,12,15,2,0,3,2,17,19,7,0,0,2,28,15,66,3,0,13,27,102,104,13,0,12
2202,1,17,23,1,0,3,0,5,9,1,1,10,11,11,1,0,6,2,39,34,4,1,1,4,38,20,78,1,0,18,43,124,108,17,1,6
2099,1,8,19,0,2,8,0,4,4,1,2,11,13,10,2,1,2,3,22,23,-5,1,0,6,36,20,44,3,3,9,29,116,116,11,0,12
2052,1,15,24,1,4,6,1,1,1,1,2,15,17,8,1,2,5,3,35,32,32,1,1,7,47,28,43,1,4,17,38,126,101,15,1,15
1836,0,9,14,1,1,2,0,9,11,1,2,17,19,9,3,1,4,0,28,34,21,1,1,8,52,33,62,5,3,18,34,134,92,25,1,6
2097,0,11,16,1,2,4,0,3,5,1,2,8,10,11,1,0,4,4,27,26,-17,1,1,6,28,17,66,1,0,18,27,132,124,15,0,17
1566,1,8,12,1,1,2,0,3,3,1,2,8,10,7,3,0,3,5,20,22,13,1,1,12,33,24,36,5,0,18,28,138,100,11,1,18
1492,1,5,9,1,1,4,0,2,2,1,0,7,7,3,0,2,3,0,13,11,-15,1,1,0,27,14,25,0,6,23,23,101,106,4,0,14
2107,0,13,34,0,1,6,0,2,3,1,6,15,21,5,2,0,6,0,29,18,2,0,0,17,37,28,31,3,0,14,48,84,101,1,0,8
2250,1,9,24,0,1,3,0,7,7,1,6,16,22,8,2,2,4,4,26,25,-7,0,0,16,44,30,37,3,4,13,35,105,90,10,1,3
2119,1,8,19,0,0,5,0,6,8,1,5,14,19,5,4,1,8,2,22,18,6,0,0,14,49,30,29,6,3,26,39,85,78,7,1,3
1509,1,8,12,1,1,2,0,7,9,1,1,10,11,3,0,1,4,4,24,19,7,1,1,5,42,26,19,0,4,20,33,125,107,4,1,13
2084,1,11,18,1,1,4,0,4,4,1,4,12,16,3,2,0,3,3,27,25,-6,1,1,16,40,30,26,3,0,13,30,128,105,14,0,14
2234,0,10,17,1,1,3,0,5,6,1,2,19,21,11,0,2,5,2,26,28,-1,1,1,6,56,32,49,0,5,20,30,121,108,16,0,6
2017,0,13,20,1,3,6,0,4,8,0,1,9,10,7,2,2,2,3,33,31,0,1,1,4,27,16,35,3,4,8,36,132,104,17,1,10
1963,1,8,21,0,1,3,0,5,5,1,8,10,18,6,1,0,2,0,22,22,10,0,0,24,32,28,35,2,0,8,33,120,102,10,1,4
2198,1,9,14,1,1,3,0,2,2,1,5,8,13,8,1,0,5,2,21,22,6,1,1,16,23,20,52,1,0,25,24,117,93,14,0,2
1706,0,8,10,1,1,2,0,3,3,1,0,8,8,7,0,2,3,2,20,21,18,1,1,0,30,18,31,0,7,21,23,151,104,11,1,32
1690,0,7,12,1,1,2,0,2,2,1,2,10,12,13,1,0,3,1,17,22,16,1,1,8,34,22,63,2,0,19,26,144,100,18,1,37
2204,0,10,18,1,2,5,0,3,3,1,3,12,15,14,2,0,3,5,25,29,5,1,1,8,37,22,63,3,0,13,27,130,121,19,0,23
2476,0,16,25,1,3,5,1,14,16,1,7,7,14,10,3,1,5,4,49,48,15,1,1,19,21,20,47,4,2,14,39,147,118,24,1,2
2411,0,11,16,1,2,4,0,2,3,1,3,8,11,12,2,1,0,3,26,33,0,1,1,8,24,16,48,2,2,0,18,168,116,19,0,4
2166,0,12,19,1,1,6,0,9,10,1,2,7,9,8,2,1,3,1,34,34,12,1,1,7,31,18,38,3,3,11,33,141,108,17,1,6
2035,1,9,20,0,3,8,0,7,7,1,3,18,21,9,1,0,3,2,28,29,14,1,1,10,52,32,55,1,0,12,30,133,95,18,1,5
2110,1,8,13,1,2,2,1,8,8,1,2,8,10,8,1,0,2,5,26,26,6,1,1,6,26,16,35,1,0,11,22,159,116,12,1,6
1818,1,11,19,1,3,6,0,4,4,1,3,10,13,10,2,0,6,5,29,26,15,1,1,12,33,24,67,3,0,22,37,122,95,16,1,11
1694,1,7,9,1,2,4,0,2,2,1,0,10,10,15,3,1,5,1,18,26,24,1,1,0,42,23,62,5,4,34,25,150,92,28,1,36
1823,1,6,12,0,1,4,0,8,9,1,2,14,16,8,1,0,5,3,21,21,-7,1,1,6,45,26,44,2,0,24,29,117,120,7,0,15
2088,0,7,10,1,3,3,1,8,8,1,2,10,12,9,2,0,4,4,25,28,-6,1,1,7,48,24,49,3,0,23,24,158,119,18,0,8
1789,0,12,15,1,0,2,0,3,4,1,1,11,12,10,2,1,2,1,27,32,27,1,1,4,34,21,54,3,4,11,27,154,95,26,1,20
1824,0,8,14,1,0,3,0,5,7,1,3,8,11,7,0,0,6,2,21,16,1,1,1,12,23,19,33,0,0,26,33,111,117,-1,1,17
2061,1,9,20,0,3,10,0,2,4,0,5,11,16,11,0,2,9,2,23,18,3,1,1,15,26,21,58,0,5,29,36,94,101,9,0,6
2099,1,10,16,1,0,2,0,8,10,1,5,10,15,6,0,2,4,1,28,28,3,1,1,18,30,24,33,0,5,16,30,132,113,12,1,1
2088,0,10,26,0,3,9,0,3,3,1,5,10,15,7,1,0,5,2,26,18,7,0,0,16,27,22,34,1,0,16,37,104,104,1,1,10
2061,1,13,24,1,3,5,1,6,9,1,5,12,17,8,1,0,5,3,35,30,6,1,1,17,38,28,45,1,0,15,39,123,112,15,1,1
2061,1,9,15,1,2,4,0,5,7,1,1,11,12,9,4,1,2,3,25,29,17,1,1,4,37,23,36,5,2,10,25,139,96,16,1,18
2064,0,6,16,0,0,5,0,6,8,1,2,8,10,11,0,0,2,5,18,16,-5,0,0,7,22,16,52,0,0,9,28,113,108,3,1,5
1568,1,3,5,1,0,1,0,2,2,1,1,17,18,11,1,0,2,2,8,17,6,1,1,5,54,34,52,2,0,25,13,144,77,15,1,32
1967,0,10,17,1,0,4,0,2,2,1,4,12,16,4,2,0,6,2,22,18,-27,1,1,12,38,24,23,3,0,25,31,100,112,1,0,12
2554,0,16,22,1,3,5,1,11,12,1,3,9,12,11,3,4,5,3,46,49,22,1,1,8,22,16,51,3,7,16,33,150,108,26,1,8
2084,0,12,17,1,0,0,0,8,14,1,3,12,15,13,0,1,3,3,32,34,14,1,1,11,39,25,61,0,3,12,33,139,120,14,1,7
2101,1,15,24,1,0,2,0,8,9,1,3,15,18,7,1,2,3,4,38,36,6,1,1,10,42,28,49,1,5,10,38,134,94,19,1,6
1906,0,9,21,0,0,8,0,5,6,1,1,11,12,9,1,1,5,4,23,17,-7,0,0,4,37,21,64,2,3,18,40,100,115,7,0,11
1831,0,9,13,1,0,0,0,8,9,1,4,6,10,7,0,2,3,2,26,27,-4,1,1,18,18,18,38,0,4,15,29,147,130,14,0,12
2012,1,8,16,0,1,3,0,5,7,1,1,12,13,8,2,2,5,1,22,21,-9,1,1,3,36,21,35,3,6,21,33,106,100,9,1,4
1578,1,10,14,1,2,2,1,7,7,1,2,11,13,8,2,1,3,2,29,32,16,1,1,8,44,27,53,4,3,15,34,155,97,29,1,18
2250,1,15,24,1,0,4,0,2,2,1,5,5,10,8,2,1,4,3,32,29,-16,1,1,16,13,15,46,3,2,14,35,124,112,13,0,3
1981,0,8,23,0,2,6,0,5,6,1,4,4,8,4,1,1,2,2,23,15,-21,0,0,13,18,15,25,2,4,7,37,104,135,2,0,20
2059,0,9,15,1,0,2,0,12,13,1,1,13,14,6,2,3,1,5,30,33,10,1,1,4,46,26,26,3,8,5,30,154,107,15,1,12
1939,0,9,10,1,1,2,0,9,11,1,2,4,6,6,3,0,8,2,28,25,-15,1,1,9,19,14,26,4,0,35,31,128,135,9,0,10
2096,0,13,15,1,0,1,0,9,10,1,2,10,12,8,2,2,3,4,35,38,19,1,1,7,33,20,48,3,6,13,28,161,101,22,1,6
2126,1,9,17,1,0,0,0,8,12,1,5,14,19,11,2,0,4,1,26,29,21,1,1,14,45,28,54,3,0,15,31,126,102,15,1,4
2139,1,15,19,1,0,0,0,7,8,1,3,10,13,9,2,1,7,3,37,35,11,1,1,15,25,22,41,3,2,24,38,136,114,13,1,7
2603,0,14,21,1,0,2,0,10,12,1,5,14,19,8,1,0,4,2,38,38,4,1,1,15,35,26,29,1,0,13,29,140,129,9,0,6
1979,1,15,22,1,0,3,0,8,11,1,1,17,18,6,2,2,7,3,38,33,7,1,1,4,65,34,35,3,4,21,46,114,105,8,1,11
2423,0,18,35,1,1,5,0,4,6,1,2,15,17,4,2,0,2,3,41,30,-11,1,1,4,39,20,24,2,0,5,41,108,108,13,0,19
2115,0,16,24,1,1,3,0,2,2,1,3,13,16,6,4,1,3,2,35,36,37,1,1,13,39,28,37,6,2,11,35,136,96,19,1,13
2510,0,11,18,1,1,2,0,6,9,1,3,12,15,14,0,2,6,3,29,29,5,1,1,8,28,19,54,0,4,22,29,121,110,12,0,2
2510,0,11,18,1,1,2,0,6,9,1,3,12,15,14,0,2,6,3,29,29,5,1,1,10,38,25,5,0,0,3,39,124,131,7,0,2
2122,0,14,27,1,3,7,0,3,4,1,3,13,16,1,0,0,1,1,34,26,-13,1,1,8,28,19,54,0,4,22,29,121,110,12,0,14
2122,0,14,27,1,3,7,0,3,4,1,3,13,16,1,0,0,1,1,34,26,-13,1,1,10,38,25,5,0,0,3,39,124,131,7,0,14
2309,0,7,13,1,1,4,0,9,11,1,3,6,9,10,1,0,5,2,24,23,-20,1,1,10,24,16,44,1,0,22,26,126,130,9,0,13
2309,0,7,13,1,1,4,0,9,11,1,3,6,9,10,1,0,5,2,24,23,-20,1,1,12,22,16,33,2,0,15,37,145,115,17,0,13
1878,0,15,20,1,2,4,0,6,6,1,3,5,8,5,1,0,4,5,38,32,12,1,1,10,24,16,44,1,0,22,26,126,130,9,1,19
1878,0,15,20,1,2,4,0,6,6,1,3,5,8,5,1,0,4,5,38,32,12,1,1,12,22,16,33,2,0,15,37,145,115,17,1,19
2047,0,8,11,1,1,1,1,2,3,1,4,8,12,18,3,1,3,2,19,32,20,1,1,13,24,19,73,4,3,20,19,159,100,23,1,13
2047,0,8,11,1,1,1,1,2,3,1,4,8,12,18,3,1,3,2,19,32,20,1,1,19,14,16,30,0,0,7,37,143,125,12,1,13
2129,1,12,24,0,4,7,1,8,8,1,6,5,11,5,0,0,2,3,36,30,10,1,1,13,24,19,73,4,3,20,19,159,100,23,1,5
2129,1,12,24,0,4,7,1,8,8,1,6,5,11,5,0,0,2,3,36,30,10,1,1,19,14,16,30,0,0,7,37,143,125,12,1,5
2313,1,9,14,1,1,3,0,7,7,1,1,9,10,12,2,0,10,4,26,22,1,1,1,4,26,16,46,2,0,37,31,112,122,4,0,10
2313,1,9,14,1,1,3,0,7,7,1,1,9,10,12,2,0,10,4,26,22,1,0,0,10,29,18,9,0,0,10,34,86,125,-6,0,10
1601,1,7,18,0,1,4,0,1,2,0,3,6,9,1,0,0,2,3,16,7,-32,1,1,4,26,16,46,2,0,37,31,112,122,4,0,20
1601,1,7,18,0,1,4,0,1,2,0,3,6,9,1,0,0,2,3,16,7,-32,0,0,10,29,18,9,0,0,10,34,86,125,-6,0,20
1771,0,7,13,1,3,5,1,0,0,0,3,6,9,11,1,0,1,5,17,20,1,1,1,13,26,20,65,2,0,7,22,147,112,19,0,3
1771,0,7,13,1,3,5,1,0,0,0,3,6,9,11,1,0,1,5,17,20,1,1,0,8,20,14,35,1,9,6,35,126,116,11,0,3
2779,0,14,31,0,3,9,0,7,8,1,3,8,11,9,1,4,2,1,38,34,-2,1,1,13,26,20,65,2,0,7,22,147,112,19,1,7
2779,0,14,31,0,3,9,0,7,8,1,3,8,11,9,1,4,2,1,38,34,-2,1,0,8,20,14,35,1,9,6,35,126,116,11,1,7
1902,1,8,12,1,0,1,0,3,3,1,3,9,12,12,0,0,7,5,19,18,27,1,1,11,35,23,55,0,0,34,26,120,112,3,1,15
1902,1,8,12,1,0,1,0,3,3,1,3,9,12,12,0,0,7,5,19,18,27,1,1,3,25,14,30,1,0,16,37,127,120,8,1,15
2174,1,13,22,1,2,4,0,8,8,1,1,7,8,6,1,0,5,3,36,28,15,1,1,11,35,23,55,0,0,34,26,120,112,3,1,11
2174,1,13,22,1,2,4,0,8,8,1,1,7,8,6,1,0,5,3,36,28,15,1,1,3,25,14,30,1,0,16,37,127,120,8,1,11
2194,0,12,20,1,1,1,1,10,12,1,5,10,15,6,3,1,4,5,35,33,13,1,1,16,31,23,31,4,2,14,34,134,104,14,1,7
2194,0,12,20,1,1,1,1,10,12,1,5,10,15,6,3,1,4,5,35,33,13,0,0,6,25,14,13,3,8,15,34,89,122,-1,1,7
2185,1,10,23,0,2,5,0,0,0,0,2,7,9,3,2,3,4,2,22,15,-13,1,1,16,31,23,31,4,2,14,34,134,104,14,0,17
2185,1,10,23,0,2,5,0,0,0,0,2,7,9,3,2,3,4,2,22,15,-13,0,0,6,25,14,13,3,8,15,34,89,122,-1,0,17
2473,0,14,31,0,4,10,0,6,10,1,1,10,11,4,2,0,3,4,38,24,-6,1,1,3,29,16,21,2,0,8,41,105,113,7,0,7
2473,0,14,31,0,4,10,0,6,10,1,1,10,11,4,2,0,3,4,38,24,-6,1,1,12,34,22,46,2,0,9,32,126,122,14,0,7
1774,1,9,17,1,1,3,0,5,6,1,4,9,13,6,1,0,2,1,24,24,-14,1,1,3,29,16,21,2,0,8,41,105,113,7,0,25
1774,1,9,17,1,1,3,0,5,6,1,4,9,13,6,1,0,2,1,24,24,-14,1,1,12,34,22,46,2,0,9,32,126,122,14,0,25
1742,1,6,8,1,0,0,0,3,3,1,1,8,9,12,0,0,4,2,15,18,24,1,1,4,26,16,57,0,0,30,19,138,105,11,1,12
1742,1,6,8,1,0,0,0,3,3,1,1,8,9,12,0,0,4,2,15,18,24,0,0,23,38,29,52,0,2,6,36,123,121,16,1,12
2387,0,13,29,0,1,6,0,5,9,1,10,10,20,10,0,1,2,2,32,30,-10,1,1,4,26,16,57,0,0,30,19,138,105,11,0,14
2387,0,13,29,0,1,6,0,5,9,1,10,10,20,10,0,1,2,2,32,30,-10,0,0,23,38,29,52,0,2,6,36,123,121,16,0,14
1804,1,9,15,1,1,3,0,3,3,1,3,7,10,5,1,1,2,1,22,22,8,1,1,13,26,20,26,2,3,11,29,138,95,12,1,25
1804,1,9,15,1,1,3,0,3,3,1,3,7,10,5,1,1,2,1,22,22,8,1,1,7,41,22,23,0,3,0,28,129,118,10,1,25
1697,0,9,17,1,1,4,0,3,4,1,2,9,11,4,0,1,0,2,22,20,-10,1,1,13,26,20,26,2,3,11,29,138,95,12,0,7
1697,0,9,17,1,1,4,0,3,4,1,2,9,11,4,0,1,0,2,22,20,-10,1,1,7,41,22,23,0,3,0,28,129,118,10,0,7
2060,1,8,17,0,1,4,0,6,6,1,1,7,8,11,7,1,1,2,23,31,-11,1,0,3,32,15,47,10,3,5,27,140,107,20,0,6
2154,0,8,16,0,0,4,0,7,7,1,1,13,14,10,3,0,3,4,23,25,10,1,0,3,39,20,44,4,0,14,26,123,95,11,1,10
2390,0,14,23,1,3,6,0,4,4,1,8,6,14,9,2,1,6,4,35,33,6,1,1,18,20,19,47,3,3,20,32,133,117,20,0,4
1704,0,12,21,1,0,4,0,3,3,1,5,7,12,6,1,1,1,2,27,27,12,1,1,17,24,20,39,2,4,4,32,139,95,16,1,18
2382,1,15,27,1,1,3,0,0,1,0,6,4,10,8,3,0,3,4,31,27,-13,1,1,17,13,15,32,4,0,10,34,117,116,9,1,4
2520,1,9,21,0,0,0,0,11,14,1,7,15,22,6,1,0,6,3,29,24,8,1,0,18,34,26,30,1,0,18,36,107,97,7,1,8
2035,1,8,13,1,0,2,0,4,4,1,3,7,10,4,2,1,6,2,20,17,-10,1,1,11,23,17,20,3,3,29,27,110,115,1,1,4
2046,1,9,14,1,1,5,0,2,2,1,2,9,11,3,0,1,1,2,21,20,16,1,1,6,30,18,14,0,4,6,20,141,91,6,1,27
2323,1,14,24,1,5,11,0,2,4,0,1,9,10,5,1,1,4,3,35,26,-9,1,1,3,29,16,26,1,2,13,36,119,124,7,0,10
2240,0,17,26,1,4,4,1,9,10,1,3,9,12,5,2,1,3,2,47,42,14,1,1,11,28,20,26,3,5,9,42,148,117,21,1,11
2096,1,6,16,0,0,0,0,1,2,0,3,6,9,6,1,0,3,4,13,8,-8,0,0,9,24,15,30,1,0,15,24,89,120,-2,0,21
2484,1,20,33,1,3,6,0,7,7,1,1,7,8,12,1,3,1,2,50,47,2,1,1,2,18,10,64,1,6,3,38,149,120,27,0,5
2346,0,13,26,0,3,6,0,6,6,1,3,9,12,6,0,0,0,3,35,30,-2,1,1,8,27,17,29,0,0,0,32,136,129,12,0,13
1790,0,5,7,1,0,0,0,2,2,1,1,5,6,12,2,0,2,3,12,18,32,1,1,5,15,11,45,3,0,20,15,158,95,12,1,38
2197,0,9,16,1,2,7,0,2,2,1,3,10,13,9,1,1,2,4,22,24,5,1,1,9,28,19,42,1,2,11,24,132,95,14,1,2
2086,0,8,17,0,1,5,0,6,6,1,4,12,16,10,0,1,3,2,23,25,16,1,0,12,36,24,49,0,2,13,29,130,104,11,1,17
2253,1,16,23,1,3,5,1,8,8,1,3,3,6,5,2,1,3,3,43,38,2,1,1,9,10,10,36,3,3,10,35,149,117,22,0,13
2213,1,12,21,1,3,5,1,6,6,1,1,6,7,9,2,0,3,4,33,29,5,1,1,3,19,10,36,3,0,11,31,140,126,11,0,2
1968,1,5,8,1,1,2,0,5,5,1,2,10,12,10,4,1,3,2,16,25,13,1,1,11,33,25,38,6,3,23,19,152,92,18,1,17
2202,1,5,15,0,2,5,0,3,4,1,2,8,10,6,3,0,4,5,15,11,-7,0,0,7,26,17,22,4,0,19,26,91,120,-4,0,8
2264,0,17,32,1,3,6,0,4,4,1,3,2,5,5,1,0,0,1,41,32,0,1,1,8,7,7,35,1,0,0,42,130,121,15,1,5
2262,0,9,18,0,3,4,1,3,3,1,2,9,11,7,1,2,1,3,24,24,-2,1,1,6,27,16,35,1,4,5,23,139,111,13,0,2
1807,1,8,10,1,1,2,0,2,2,1,1,10,11,13,2,0,0,3,19,29,34,1,1,4,32,20,57,3,0,0,16,195,89,26,1,30
2305,1,17,28,1,0,3,0,5,5,1,2,12,14,9,1,2,1,4,39,37,12,1,1,6,27,19,45,1,4,3,36,142,107,17,1,6
2184,1,15,23,1,2,3,1,5,5,1,4,6,10,11,2,0,2,1,37,39,18,1,1,14,17,16,44,3,0,7,32,154,101,24,1,31
2220,1,9,18,0,1,2,0,1,2,0,2,10,12,8,0,0,7,2,20,13,-3,1,1,9,28,21,31,0,0,27,33,96,108,-5,1,10
2176,1,13,22,1,1,2,0,1,2,0,2,13,15,7,2,0,1,1,28,28,-3,1,1,6,39,22,39,3,0,4,30,128,101,14,1,1
2162,0,10,20,0,1,5,0,5,6,1,2,7,9,11,0,0,4,0,26,23,-12,1,1,5,23,13,62,0,0,15,33,118,130,11,0,13
2054,0,11,25,0,2,4,0,8,10,1,6,8,14,5,4,1,1,2,32,31,-9,1,0,18,24,21,24,6,3,3,37,132,99,16,1,15
1717,0,6,7,1,0,0,0,0,0,0,2,8,10,10,0,0,3,2,12,16,27,1,1,10,29,21,40,0,0,30,15,148,107,8,1,25
2528,0,14,23,1,2,4,0,4,6,1,5,10,15,9,2,1,1,4,34,36,5,1,1,15,29,22,37,2,2,4,29,147,116,15,1,4
2077,0,13,19,1,3,4,1,0,0,0,3,7,10,10,1,1,5,3,29,28,3,1,1,10,24,17,53,1,2,21,31,130,115,17,0,5
2175,1,11,17,1,2,4,0,4,4,1,4,11,15,10,2,1,3,2,28,32,11,1,1,13,30,22,44,3,2,14,27,147,101,20,1,11
1778,1,8,14,1,0,2,0,4,4,1,4,6,10,5,1,0,4,1,20,18,-13,1,1,12,26,18,29,2,0,20,27,118,137,4,0,24
2467,1,17,30,1,3,5,1,0,0,0,2,4,6,9,2,1,1,3,37,32,23,1,1,6,15,10,39,3,2,3,35,135,118,15,1,5
1693,0,7,12,1,1,2,0,1,2,0,3,7,10,8,1,2,0,0,16,22,20,1,1,12,33,21,36,2,8,0,20,159,102,18,1,24
2065,0,8,14,1,0,1,0,5,6,1,3,7,10,5,0,0,5,1,21,16,8,1,1,11,21,16,25,0,0,23,28,110,106,1,1,9
2150,1,6,16,0,2,3,1,0,0,0,1,6,7,7,0,1,4,3,14,8,13,0,0,3,18,11,30,0,3,20,27,87,108,-2,1,7
2262,0,5,11,0,0,1,0,7,9,1,2,7,9,16,1,0,4,4,17,21,15,1,0,6,20,13,56,1,0,21,21,129,115,8,1,10
1606,0,13,16,1,0,0,0,1,2,0,2,6,8,11,1,1,1,3,27,31,9,1,1,10,28,19,60,2,4,6,30,171,122,24,1,15
1827,0,11,18,1,0,2,0,3,4,1,1,8,9,10,1,0,6,0,25,22,5,1,1,4,24,15,70,2,0,23,34,109,94,13,1,10
2302,0,9,17,1,2,2,1,6,6,1,5,8,13,14,1,0,6,4,26,27,7,1,1,17,21,19,55,1,0,23,30,131,119,9,1,2
1890,0,6,15,0,0,2,0,5,7,1,2,8,10,11,1,1,2,3,17,18,9,0,0,6,28,16,73,2,3,10,29,109,109,14,0,18
2237,1,10,21,0,1,5,0,6,8,1,4,8,12,8,1,1,4,1,27,24,-14,1,0,12,29,20,39,1,4,14,32,113,115,9,0,9
1922,0,6,14,0,1,2,0,4,5,1,4,6,10,11,1,2,2,3,17,21,7,1,0,16,25,20,42,2,6,11,26,135,113,10,1,17
1625,1,10,12,1,1,1,1,8,9,1,6,10,16,7,2,0,0,3,29,37,9,1,1,24,40,32,44,4,0,0,24,199,95,34,1,29
2704,0,20,31,1,2,6,0,5,6,1,7,8,15,8,0,1,7,3,47,38,3,1,1,18,19,18,41,0,2,17,38,127,115,11,1,2
2138,1,9,18,0,1,6,0,6,7,1,4,5,9,5,0,1,4,0,25,20,3,1,1,11,17,14,25,0,3,16,31,118,118,5,1,1
2004,1,7,16,0,0,3,0,5,5,1,0,6,6,6,0,0,1,2,19,15,-18,1,0,0,23,10,36,0,0,5,26,109,126,0,0,21
1741,0,10,14,1,0,0,0,4,6,1,0,8,8,12,1,1,4,4,24,24,10,1,1,0,32,19,59,2,4,19,32,133,111,10,1,13
1780,0,6,12,0,2,3,1,10,10,1,1,14,15,5,2,0,6,3,24,21,11,1,1,3,49,26,23,3,0,27,32,115,85,10,1,24
2189,0,12,20,1,2,4,0,6,8,1,0,7,7,8,3,3,6,1,32,28,7,1,1,0,22,12,39,4,7,20,34,112,97,12,1,2
1706,0,8,13,1,2,3,1,1,1,1,4,7,11,2,1,0,1,1,19,19,-4,1,1,16,30,22,11,2,0,7,21,148,113,9,1,10
2002,1,9,17,1,2,6,0,10,10,1,2,12,14,7,0,1,0,4,30,31,-3,1,1,8,38,24,39,0,3,0,31,159,111,20,1,6
2136,1,12,28,0,1,4,0,7,8,1,3,6,9,5,2,1,2,4,32,23,3,1,0,10,19,14,34,3,3,6,45,104,96,12,0,4
1747,0,10,16,1,0,2,0,12,15,1,3,9,12,6,2,2,4,3,32,31,15,1,1,9,28,19,48,3,6,15,35,133,87,22,1,16
2102,1,9,11,1,2,2,1,4,4,1,2,7,9,13,0,1,5,5,24,26,-4,1,1,7,25,16,58,0,3,28,22,153,132,14,0,7
2216,0,10,21,0,0,5,0,9,9,1,3,4,7,6,0,0,5,3,29,20,3,1,0,9,21,13,27,0,0,17,34,114,134,0,0,6
1977,1,7,16,0,0,2,0,16,17,1,2,9,11,6,0,0,2,2,30,27,12,1,0,7,30,18,28,0,0,8,33,137,113,7,1,5
1934,1,14,21,1,0,3,0,3,3,1,6,8,14,4,1,1,2,2,31,30,8,1,1,19,24,22,24,2,4,8,32,140,102,16,1,11
1588,1,7,11,1,0,0,0,6,7,1,3,12,15,11,0,0,1,2,20,26,18,1,1,13,44,30,68,0,0,7,26,157,95,22,1,13
1001,1,9,17,1,0,3,0,3,3,1,1,2,3,2,1,0,1,3,21,14,-13,1,1,6,16,10,32,3,0,5,50,115,132,8,0,16
1434,1,8,14,1,3,5,1,1,2,0,4,9,13,2,0,0,4,4,20,14,14,1,1,18,38,28,22,0,0,21,34,108,97,4,1,8
1434,1,8,14,1,3,5,1,1,2,0,4,9,13,2,0,0,4,4,20,14,14,1,1,3,23,14,11,2,2,15,29,115,116,3,1,8
2530,0,11,21,1,4,7,1,3,3,1,1,9,10,3,2,1,4,2,29,22,7,1,1,18,38,28,22,0,0,21,34,108,97,4,1,10
2530,0,11,21,1,4,7,1,3,3,1,1,9,10,3,2,1,4,2,29,22,7,1,1,3,23,14,11,2,2,15,29,115,116,3,1,10
2432,0,8,18,0,0,2,0,7,9,1,3,11,14,12,1,2,5,4,23,22,8,1,0,8,31,18,61,1,4,18,29,104,96,10,1,1
2432,0,8,18,0,0,2,0,7,9,1,3,11,14,12,1,2,5,4,23,22,8,1,0,20,23,22,42,0,0,7,41,128,144,7,1,1
1900,0,10,21,0,1,2,0,7,10,1,5,6,11,6,0,0,2,3,28,22,-23,1,0,8,31,18,61,1,4,18,29,104,96,10,0,19
1900,0,10,21,0,1,2,0,7,10,1,5,6,11,6,0,0,2,3,28,22,-23,1,0,20,23,22,42,0,0,7,41,128,144,7,0,19
1707,1,4,15,0,0,5,0,1,1,1,3,10,13,2,2,1,2,4,9,6,-3,0,0,10,34,22,12,4,3,12,25,74,88,-5,1,7
1707,1,4,15,0,0,5,0,1,1,1,3,10,13,2,2,1,2,4,9,6,-3,1,1,0,18,8,38,0,3,13,22,111,135,5,1,7
1902,1,6,13,0,2,6,0,1,2,0,0,5,5,6,0,1,2,1,15,12,-21,0,0,10,34,22,12,4,3,12,25,74,88,-5,0,37
1902,1,6,13,0,2,6,0,1,2,0,0,5,5,6,0,1,2,1,15,12,-21,1,1,0,18,8,38,0,3,13,22,111,135,5,0,37
1976,0,4,8,0,0,1,0,2,2,1,2,8,10,10,3,0,4,3,10,15,15,1,0,6,25,16,39,5,0,31,18,112,109,8,0,3
1976,0,4,8,0,0,1,0,2,2,1,2,8,10,10,3,0,4,3,10,15,15,1,1,8,17,11,21,0,0,7,29,131,144,3,0,3
2360,1,12,24,0,3,10,0,2,2,1,3,4,7,6,0,0,2,3,29,21,-1,1,0,6,25,16,39,5,0,31,18,112,109,8,0,2
2360,1,12,24,0,3,10,0,2,2,1,3,4,7,6,0,0,2,3,29,21,-1,1,1,8,17,11,21,0,0,7,29,131,144,3,0,2
1628,1,5,6,1,0,1,0,3,3,1,0,6,6,6,1,0,2,3,13,15,-16,1,1,0,33,15,31,2,0,22,15,148,118,8,0,15
1628,1,5,6,1,0,1,0,3,3,1,0,6,6,6,1,0,2,3,13,15,-16,1,1,0,18,9,15,0,2,10,23,144,115,10,0,15
2571,0,12,19,1,7,11,1,0,0,0,0,6,6,4,0,1,2,4,31,24,15,1,1,0,33,15,31,2,0,22,15,148,118,8,1,10
2571,0,12,19,1,7,11,1,0,0,0,0,6,6,4,0,1,2,4,31,24,15,1,1,0,18,9,15,0,2,10,23,144,115,10,1,10
1887,1,7,14,0,3,7,0,3,4,1,0,7,7,4,0,0,1,2,20,16,14,1,1,0,24,12,37,0,0,6,25,124,95,10,1,4
1887,1,7,14,0,3,7,0,3,4,1,0,7,7,4,0,0,1,2,20,16,14,1,1,8,6,7,40,4,0,10,26,144,115,10,1,4
2186,1,7,15,0,3,5,1,5,5,1,2,2,4,9,3,0,2,4,22,22,1,1,1,0,24,12,37,0,0,6,25,124,95,10,1,12
2186,1,7,15,0,3,5,1,5,5,1,2,2,4,9,3,0,2,4,22,22,1,1,1,8,6,7,40,4,0,10,26,144,115,10,1,12
1366,0,4,12,0,1,4,0,0,1,0,0,5,5,5,1,1,4,4,9,3,11,0,0,0,21,12,29,2,4,24,31,69,86,-7,1,20
1366,0,4,12,0,1,4,0,0,1,0,0,5,5,5,1,1,4,4,9,3,11,1,1,8,28,18,30,0,0,8,33,116,89,13,1,20
2335,0,12,23,1,2,5,0,4,4,1,3,11,14,4,0,0,2,5,30,23,2,0,0,0,21,12,29,2,4,24,31,69,86,-7,1,2
2335,0,12,23,1,2,5,0,4,4,1,3,11,14,4,0,0,2,5,30,23,2,1,1,8,28,18,30,0,0,8,33,116,89,13,1,2
2267,0,10,22,0,2,9,0,4,5,1,2,8,10,6,2,2,1,4,26,23,18,1,0,6,23,14,29,3,4,4,31,113,96,9,1,3
2267,0,10,22,0,2,9,0,4,5,1,2,8,10,6,2,2,1,4,26,23,18,0,0,3,9,6,19,0,0,6,24,104,132,-4,1,3
1797,1,6,14,0,0,2,0,3,4,1,1,2,3,3,0,0,1,2,15,9,-24,1,0,6,23,14,29,3,4,4,31,113,96,9,0,23
1797,1,6,14,0,0,2,0,3,4,1,1,2,3,3,0,0,1,2,15,9,-24,0,0,3,9,6,19,0,0,6,24,104,132,-4,0,23
2155,1,9,23,0,1,7,0,1,3,0,3,3,6,7,1,1,0,4,20,15,-2,0,0,8,8,8,40,1,3,0,28,104,94,9,1,2
2155,1,9,23,0,1,7,0,1,3,0,3,3,6,7,1,1,0,4,20,15,-2,1,1,3,44,24,18,0,7,25,28,114,92,9,1,2
2235,1,10,17,1,4,5,1,2,2,1,1,17,18,4,0,3,6,4,26,21,18,0,0,8,8,8,40,1,3,0,28,104,94,9,1,9
2235,1,10,17,1,4,5,1,2,2,1,1,17,18,4,0,3,6,4,26,21,18,1,1,3,44,24,18,0,7,25,28,114,92,9,1,9
1844,0,7,19,0,1,8,0,5,6,1,1,5,6,7,3,0,2,2,20,16,-2,0,0,3,22,11,31,5,0,8,32,106,120,3,0,4
1844,0,7,19,0,1,8,0,5,6,1,1,5,6,7,3,0,2,2,20,16,-2,1,1,3,44,19,36,1,0,21,37,101,114,7,0,4
2318,0,13,24,1,3,8,0,3,4,1,1,11,12,8,1,0,7,4,32,22,-8,0,0,3,22,11,31,5,0,8,32,106,120,3,0,6
2318,0,13,24,1,3,8,0,3,4,1,1,11,12,8,1,0,7,4,32,22,-8,1,1,3,44,19,36,1,0,21,37,101,114,7,0,6
1682,0,8,14,1,2,5,0,0,0,0,2,8,10,3,0,0,0,4,18,16,-2,1,1,6,25,15,18,0,0,0,21,137,95,9,1,8
1682,0,8,14,1,2,5,0,0,0,0,2,8,10,3,0,0,0,4,18,16,-2,1,1,3,29,17,55,0,2,11,36,102,107,8,1,8
2333,0,11,23,0,2,7,0,2,2,1,1,10,11,6,0,1,3,4,26,18,-7,1,1,6,25,15,18,0,0,0,21,137,95,9,0,11
2333,0,11,23,0,2,7,0,2,2,1,1,10,11,6,0,1,3,4,26,18,-7,1,1,3,29,17,55,0,2,11,36,102,107,8,0,11
1534,1,4,7,1,1,3,0,0,0,0,0,5,5,8,0,0,2,3,9,10,22,1,1,0,22,11,36,0,0,22,15,127,119,0,1,17
1534,1,4,7,1,1,3,0,0,0,0,0,5,5,8,0,0,2,3,9,10,22,1,1,3,32,20,21,1,5,24,29,96,106,2,1,17
2407,1,9,17,1,2,6,0,2,4,0,1,13,14,5,1,2,6,3,22,16,13,1,1,0,22,11,36,0,0,22,15,127,119,0,1,6
2407,1,9,17,1,2,6,0,2,4,0,1,13,14,5,1,2,6,3,22,16,13,1,1,3,32,20,21,1,5,24,29,96,106,2,1,6
1946,0,12,19,1,2,4,0,1,1,1,5,7,12,4,0,0,7,5,27,18,7,1,1,15,25,20,23,0,0,26,34,105,103,3,1,10
1946,0,12,19,1,2,4,0,1,1,1,5,7,12,4,0,0,7,5,27,18,7,1,1,7,33,22,35,1,2,17,35,123,102,13,1,10
2378,0,13,22,1,4,6,1,4,5,1,2,12,14,7,1,1,5,2,34,29,9,1,1,15,25,20,23,0,0,26,34,105,103,3,1,13
2378,0,13,22,1,4,6,1,4,5,1,2,12,14,7,1,1,5,2,34,29,9,1,1,7,33,22,35,1,2,17,35,123,102,13,1,13
2130,0,7,17,0,0,4,0,4,4,1,3,13,16,10,3,1,3,2,18,22,10,0,0,9,42,25,46,4,2,14,27,108,86,14,1,4
2130,0,7,17,0,0,4,0,4,4,1,3,13,16,10,3,1,3,2,18,22,10,1,0,10,42,30,49,3,7,24,24,117,78,15,1,4
2382,1,5,13,0,0,4,0,6,6,1,3,19,22,13,2,3,5,4,16,23,22,0,0,9,42,25,46,4,2,14,27,108,86,14,1,15
2382,1,5,13,0,0,4,0,6,6,1,3,19,22,13,2,3,5,4,16,23,22,1,0,10,42,30,49,3,7,24,24,117,78,15,1,15
1940,0,4,9,0,0,1,0,0,0,0,4,9,13,5,2,0,1,2,8,12,8,0,0,12,33,22,20,3,0,10,13,125,107,3,1,12
1940,0,4,9,0,0,1,0,0,0,0,4,9,13,5,2,0,1,2,8,12,8,1,1,23,10,16,15,0,3,19,36,112,129,-1,1,12
1525,1,8,14,1,0,0,0,5,7,1,4,2,6,2,0,1,4,5,21,13,-19,0,0,12,33,22,20,3,0,10,13,125,107,3,0,12
1525,1,8,14,1,0,0,0,5,7,1,4,2,6,2,0,1,4,5,21,13,-19,1,1,23,10,16,15,0,3,19,36,112,129,-1,0,12
1493,0,4,8,0,0,0,0,0,0,0,2,18,20,5,0,0,3,3,8,10,10,0,0,9,66,41,25,0,0,27,18,96,94,-1,1,13
1493,0,4,8,0,0,0,0,0,0,0,2,18,20,5,0,0,3,3,8,10,10,1,0,3,17,10,47,5,0,7,32,127,102,14,1,13
2319,1,9,20,0,1,4,0,11,12,1,1,5,6,9,4,0,2,4,30,28,-6,0,0,9,66,41,25,0,0,27,18,96,94,-1,0,2
2319,1,9,20,0,1,4,0,11,12,1,1,5,6,9,4,0,2,4,30,28,-6,1,0,3,17,10,47,5,0,7,32,127,102,14,0,2
2189,1,3,11,0,0,3,0,1,2,0,3,7,10,6,0,1,4,3,7,4,-3,0,0,10,20,15,28,0,2,25,21,71,101,-8,0,3
2189,1,3,11,0,0,3,0,1,2,0,3,7,10,6,0,1,4,3,7,4,-3,1,1,13,23,19,23,1,2,24,26,118,106,3,0,3
2244,0,9,14,1,1,3,0,3,4,1,3,7,10,5,1,1,5,4,22,18,7,0,0,10,20,15,28,0,2,25,21,71,101,-8,1,8
2244,0,9,14,1,1,3,0,3,4,1,3,7,10,5,1,1,5,4,22,18,7,1,1,13,23,19,23,1,2,24,26,118,106,3,1,8
2064,0,4,12,0,0,2,0,5,6,1,1,4,5,8,3,0,5,4,13,10,-6,0,0,3,13,8,36,4,0,26,25,82,103,0,0,9
2064,0,4,12,0,0,2,0,5,6,1,1,4,5,8,3,0,5,4,13,10,-6,1,1,12,14,13,17,3,0,7,20,126,123,4,0,9
2142,0,6,13,0,2,3,1,2,2,1,3,4,7,4,2,0,1,5,16,14,2,0,0,3,13,8,36,4,0,26,25,82,103,0,0,6
2142,0,6,13,0,2,3,1,2,2,1,3,4,7,4,2,0,1,5,16,14,2,1,1,12,14,13,17,3,0,7,20,126,123,4,0,6
1484,1,3,7,0,0,1,0,0,0,0,1,9,10,8,0,1,0,2,6,11,10,0,0,5,40,24,36,0,4,0,13,146,92,4,1,37
1484,1,3,7,0,0,1,0,0,0,0,1,9,10,8,0,1,0,2,6,11,10,1,1,7,25,14,34,5,0,6,25,125,111,14,1,37
1797,1,9,16,1,1,4,0,1,1,1,2,5,7,5,3,0,1,5,20,19,-1,0,0,5,40,24,36,0,4,0,13,146,92,4,0,10
1797,1,9,16,1,1,4,0,1,1,1,2,5,7,5,3,0,1,5,20,19,-1,1,1,7,25,14,34,5,0,6,25,125,111,14,0,10
1840,1,13,21,1,1,5,0,3,3,1,4,6,10,4,1,2,1,3,30,28,0,1,1,14,28,20,34,2,7,4,32,140,106,24,0,13
2019,1,10,21,0,2,6,0,2,2,1,2,9,11,6,0,0,3,3,24,17,-10,1,1,6,32,18,39,0,0,12,33,107,109,4,0,3
1990,1,7,13,1,1,4,0,0,0,0,0,7,7,11,0,1,2,2,15,16,8,1,1,0,22,12,59,0,3,13,21,114,105,8,0,5
1861,0,7,14,0,2,5,0,4,6,1,4,7,11,6,0,0,1,2,20,20,3,1,1,14,27,20,30,0,0,6,26,144,113,9,1,15
2093,0,11,14,1,3,6,0,3,4,1,1,13,14,12,1,0,3,2,28,32,15,1,1,3,44,24,59,1,0,16,23,155,100,26,1,8
2148,0,10,22,0,2,5,0,3,4,1,3,7,10,5,1,1,2,1,25,20,4,1,0,8,21,14,22,2,2,8,31,116,111,5,1,6
1831,0,7,14,0,2,4,0,2,2,1,3,6,9,12,1,1,4,2,18,20,9,1,1,12,20,16,65,2,3,21,26,126,105,14,1,9
1964,0,10,16,1,2,4,0,0,0,0,3,7,10,10,0,2,2,4,22,24,12,1,1,11,20,16,50,0,6,11,24,141,104,16,1,9
1643,1,5,8,1,1,1,1,7,7,1,3,3,6,5,1,1,1,3,18,20,12,1,1,12,12,12,24,2,3,8,19,173,113,13,1,24
1853,1,6,13,0,4,7,1,6,6,1,1,11,12,10,1,0,2,4,22,24,25,1,1,4,41,24,46,2,0,11,26,145,107,15,1,2
1855,0,8,20,0,2,5,0,5,6,1,4,6,10,4,2,0,5,3,23,15,-13,1,0,12,23,17,25,3,0,18,38,96,112,2,0,12
1977,0,12,19,1,2,5,0,5,7,1,2,8,10,10,1,0,1,6,31,30,23,1,1,7,26,17,53,1,0,4,29,148,108,19,1,9
1590,0,7,8,1,0,0,0,3,4,1,4,4,8,4,1,0,4,3,17,16,8,1,1,20,20,20,25,2,0,29,23,134,122,7,1,5
1919,1,10,17,1,0,1,0,1,1,1,2,6,8,4,0,0,6,2,21,12,-5,1,1,7,24,15,20,0,0,26,30,97,133,-4,0,26
1451,1,7,15,0,0,3,0,8,8,1,3,4,7,0,0,0,2,5,22,14,-9,1,0,15,19,17,0,0,0,10,37,125,129,-6,1,8
1820,1,4,10,0,1,3,0,5,7,1,2,8,10,4,1,0,2,0,14,13,0,1,0,7,33,19,19,2,0,13,21,111,124,2,0,14
2210,1,16,25,1,4,8,0,11,16,1,4,4,8,5,2,1,0,3,47,43,0,1,1,14,14,14,25,3,3,0,39,155,116,25,1,8
1875,1,12,20,1,4,6,1,5,8,1,2,4,6,7,1,1,3,1,33,28,-3,1,1,8,18,12,48,2,4,11,38,130,113,21,1,1
2015,0,8,12,1,2,5,0,1,1,1,3,9,12,5,0,0,1,2,19,20,-2,1,1,8,30,18,24,0,0,7,18,150,118,7,0,8
1884,0,6,14,0,3,4,1,5,6,1,2,13,15,6,1,0,2,5,20,19,5,1,1,8,44,27,33,2,0,11,27,125,101,9,1,10
1742,0,5,9,1,0,1,0,2,2,1,1,7,8,8,1,2,4,3,12,13,3,1,1,5,25,16,44,2,7,29,23,105,87,6,1,14
2628,1,10,20,0,0,3,0,3,3,1,2,10,12,8,0,2,9,4,23,14,18,1,0,5,24,15,28,0,5,30,28,92,117,-7,1,3
1904,0,10,16,1,2,4,0,8,12,1,1,9,10,4,3,0,1,4,30,28,-2,1,1,4,32,18,23,5,0,4,30,145,111,19,0,8
2056,1,7,15,0,0,3,0,3,4,1,5,8,13,5,1,0,5,4,17,13,-6,1,0,16,22,19,21,2,0,23,28,99,106,-3,1,7
2048,1,8,19,0,0,1,0,3,6,0,4,8,12,10,1,1,6,2,19,15,-9,0,0,12,25,18,46,1,2,22,34,92,120,-1,0,16
2129,1,9,20,0,1,6,0,8,8,1,7,5,12,7,4,1,2,3,27,29,7,1,0,17,15,16,34,6,2,8,27,138,103,16,1,7
2306,0,9,18,0,0,2,0,6,7,1,2,10,12,11,2,0,6,4,24,21,0,1,0,6,27,17,42,2,0,22,29,110,105,4,1,7
2323,1,8,16,0,3,6,0,6,6,1,3,10,13,5,0,1,8,3,25,17,-9,1,1,8,34,19,28,0,2,30,29,102,108,2,0,8
2084,0,11,19,1,1,2,0,5,6,1,0,4,4,10,3,0,3,4,28,25,-4,1,1,0,14,7,56,4,0,12,33,126,102,15,1,6
1996,1,7,17,0,1,3,0,0,0,0,0,10,10,9,1,0,3,4,15,12,-9,0,0,0,29,15,34,1,0,15,25,97,106,-3,1,12
2385,1,16,23,1,1,3,0,6,7,1,0,10,10,11,3,2,2,4,39,40,13,1,1,0,30,15,55,4,4,7,33,151,116,22,0,5
1843,0,11,17,1,3,5,1,4,4,1,4,9,13,9,2,3,4,1,29,33,23,1,1,16,30,24,49,3,8,18,31,145,89,26,1,28
2386,1,14,24,1,0,2,0,2,4,0,6,15,21,10,2,0,1,2,30,34,10,1,1,14,39,26,55,2,0,4,30,132,94,19,1,3
2036,1,9,19,0,0,3,0,5,5,1,4,5,9,6,1,3,6,3,23,18,3,1,0,15,16,16,26,2,8,22,37,104,109,0,1,9
2259,0,6,8,1,0,1,0,7,8,1,3,5,8,13,0,1,5,4,19,22,4,1,1,11,17,14,44,0,2,30,21,148,134,5,1,7
2239,0,9,18,0,2,3,1,2,2,1,1,10,11,6,3,1,3,5,22,20,-10,1,1,3,29,17,27,4,2,14,29,105,105,6,0,4
2039,1,12,15,1,1,2,0,7,7,1,1,6,7,5,1,1,2,1,32,32,-2,1,1,4,19,12,35,2,2,10,27,164,116,22,0,12
1857,0,11,14,1,0,1,0,2,3,1,1,6,7,6,2,2,3,4,24,24,18,1,1,5,22,14,26,3,6,16,26,137,105,10,1,12
1679,0,5,8,1,1,1,1,5,5,1,2,3,5,4,4,0,5,4,16,15,-3,1,1,11,12,12,19,8,0,33,25,116,97,5,1,17
1509,1,9,13,1,0,2,0,3,4,1,2,7,9,2,1,0,3,1,21,18,-15,1,1,8,36,20,16,2,0,17,30,122,134,8,0,29
2104,0,8,11,1,0,0,0,7,9,1,4,14,18,11,1,0,2,2,23,31,18,1,1,16,46,32,42,1,0,12,21,164,110,15,1,15
1939,0,7,15,0,0,1,0,2,2,1,4,9,13,7,1,2,5,2,16,15,-10,1,0,12,34,22,36,2,7,24,27,99,116,4,0,16
1830,1,5,10,0,0,2,0,4,4,1,3,8,11,8,1,1,6,5,14,13,2,1,0,12,37,24,35,2,4,34,27,105,119,-1,1,2
1938,1,4,11,0,0,3,0,0,1,0,2,6,8,8,1,0,4,3,8,6,0,0,0,7,28,16,32,2,0,26,22,85,113,-7,0,2
1781,0,4,13,0,1,5,0,1,2,0,0,9,9,7,1,0,2,3,10,8,6,0,0,0,28,15,33,2,0,13,23,84,92,-4,1,14
2023,1,7,10,1,0,2,0,0,0,0,2,11,13,8,0,0,5,3,14,14,5,1,1,7,31,20,39,0,0,33,21,112,114,2,0,16
2047,0,7,16,0,1,5,0,4,6,1,0,7,7,6,1,1,3,3,19,14,-10,1,0,0,32,13,29,1,3,14,26,101,124,3,0,20
2349,1,10,21,0,0,5,0,10,11,1,2,10,12,10,2,0,4,4,30,27,9,1,0,6,30,18,48,3,0,13,35,118,104,11,1,8
1912,1,10,17,1,3,5,1,2,2,1,3,1,4,11,1,0,5,4,25,22,8,1,1,12,4,7,47,2,0,22,30,133,132,8,1,6
1422,0,3,8,0,0,2,0,2,2,1,3,2,5,13,0,0,5,2,8,10,-1,0,0,16,9,12,69,0,0,36,26,110,139,2,0,10
2500,0,11,21,1,2,6,0,6,6,1,2,9,11,7,3,0,4,5,30,26,9,1,1,6,23,15,27,4,0,14,29,121,106,9,1,2
1531,1,4,7,1,2,2,1,2,2,1,0,1,1,4,1,0,1,3,12,11,-5,1,1,0,5,3,20,2,0,11,16,155,140,3,0,3
1708,0,7,11,1,1,4,0,2,4,0,1,6,7,13,0,0,1,1,17,22,5,1,1,4,26,14,70,0,0,7,22,150,132,17,0,13
612,1,1,1,1,0,0,0,0,0,0,0,1,1,2,0,0,1,0,2,2,-6,1,1,0,10,5,30,0,0,50,8,116,124,-6,0,8
2012,1,6,13,0,1,4,0,8,10,1,2,6,8,5,1,2,2,4,21,19,8,1,0,6,17,11,29,1,5,10,24,124,97,10,1,9
2012,1,6,13,0,1,4,0,8,10,1,2,6,8,5,1,2,2,4,21,19,8,1,0,8,34,20,58,3,0,23,16,116,103,11,1,9
2181,0,4,9,0,0,3,0,2,2,1,3,11,14,14,2,0,3,3,10,18,0,1,0,6,17,11,29,1,5,10,24,124,97,10,0,5
2181,0,4,9,0,0,3,0,2,2,1,3,11,14,14,2,0,3,3,10,18,0,1,0,8,34,20,58,3,0,23,16,116,103,11,0,5
1843,0,11,11,1,3,3,1,10,11,1,0,11,11,11,4,1,0,3,35,46,29,1,1,0,31,18,67,6,4,0,21,226,75,44,1,28
1843,0,11,11,1,3,3,1,10,11,1,0,11,11,11,4,1,0,3,35,46,29,1,1,8,27,17,28,3,0,14,24,119,104,8,1,28
2366,0,7,15,0,2,3,1,5,6,1,3,10,13,8,2,0,3,4,21,21,17,1,1,0,31,18,67,6,4,0,21,226,75,44,1,9
2366,0,7,15,0,2,3,1,5,6,1,3,10,13,8,2,0,3,4,21,21,17,1,1,8,27,17,28,3,0,14,24,119,104,8,1,9
1943,0,7,14,0,0,1,0,9,12,1,3,8,11,6,0,0,2,2,23,21,-4,1,0,10,30,19,36,0,0,9,28,126,104,11,1,2
1943,0,7,14,0,0,1,0,9,12,1,3,8,11,6,0,0,2,2,23,21,-4,1,1,8,21,15,35,0,0,6,25,148,129,11,1,2
1929,1,8,14,1,3,6,0,3,4,1,2,6,8,7,0,0,1,3,22,21,-25,1,0,10,30,19,36,0,0,9,28,126,104,11,0,10
1929,1,8,14,1,3,6,0,3,4,1,2,6,8,7,0,0,1,3,22,21,-25,1,1,8,21,15,35,0,0,6,25,148,129,11,0,10
1397,0,6,11,1,1,2,0,1,1,1,2,10,12,6,1,0,3,4,14,14,18,1,1,9,48,28,32,2,0,21,25,118,106,5,1,14
1397,0,6,11,1,1,2,0,1,1,1,2,10,12,6,1,0,3,4,14,14,18,1,0,13,19,16,36,0,0,0,30,141,114,11,1,14
2339,1,10,22,0,1,4,0,8,8,1,5,7,12,8,0,0,0,3,29,28,17,1,1,9,48,28,32,2,0,21,25,118,106,5,1,14
2339,1,10,22,0,1,4,0,8,8,1,5,7,12,8,0,0,0,3,29,28,17,1,0,13,19,16,36,0,0,0,30,141,114,11,1,14
1970,1,9,17,1,1,5,0,5,5,1,3,8,11,3,1,1,6,5,24,16,-5,1,1,10,27,19,13,1,2,24,31,104,112,1,0,7
1970,1,9,17,1,1,5,0,5,5,1,3,8,11,3,1,1,6,5,24,16,-5,1,1,8,25,18,37,3,2,19,23,126,90,12,0,7
1975,0,5,11,0,2,4,0,4,4,1,2,9,11,8,2,1,3,3,16,18,27,1,1,10,27,19,13,1,2,24,31,104,112,1,1,18
1975,0,5,11,0,2,4,0,4,4,1,2,9,11,8,2,1,3,3,16,18,27,1,1,8,25,18,37,3,2,19,23,126,90,12,1,18
1737,0,3,8,0,2,4,0,4,4,1,1,8,9,10,0,2,0,4,12,18,5,1,0,4,34,18,45,0,6,0,14,155,106,11,1,5
1737,0,3,8,0,2,4,0,4,4,1,1,8,9,10,0,2,0,4,12,18,5,1,1,18,22,19,56,3,2,6,39,140,129,29,1,5
2289,1,19,30,1,2,6,0,3,4,1,6,6,12,9,2,1,2,2,43,41,-11,1,0,4,34,18,45,0,6,0,14,155,106,11,0,17
2289,1,19,30,1,2,6,0,3,4,1,6,6,12,9,2,1,2,2,43,41,-11,1,1,18,22,19,56,3,2,6,39,140,129,29,0,17
1967,1,9,20,0,3,6,0,1,1,1,5,7,12,9,2,3,6,2,22,21,4,1,1,16,23,20,48,3,8,23,35,105,95,15,1,1
1967,1,9,20,0,3,6,0,1,1,1,5,7,12,9,2,3,6,2,22,21,4,0,0,11,23,17,44,1,5,0,30,102,91,11,1,1
2607,0,9,26,0,0,4,0,3,4,1,5,10,15,10,1,3,0,5,21,21,-1,1,1,16,23,20,48,3,8,23,35,105,95,15,1,4
2607,0,9,26,0,0,4,0,3,4,1,5,10,15,10,1,3,0,5,21,21,-1,0,0,11,23,17,44,1,5,0,30,102,91,11,1,4
1341,1,2,5,0,0,1,0,0,0,0,1,5,6,3,1,1,2,2,4,4,9,0,0,6,25,16,18,2,3,29,14,88,98,-4,1,19
1341,1,2,5,0,0,1,0,0,0,0,1,5,6,3,1,1,2,2,4,4,9,1,1,6,22,14,25,4,5,8,27,158,111,18,1,19
2489,0,11,18,1,3,5,1,12,12,1,2,7,9,6,3,2,2,3,37,38,16,0,0,6,25,16,18,2,3,29,14,88,98,-4,1,8
2489,0,11,18,1,3,5,1,12,12,1,2,7,9,6,3,2,2,3,37,38,16,1,1,6,22,14,25,4,5,8,27,158,111,18,1,8
1734,0,3,9,0,0,3,0,1,2,0,3,7,10,16,1,0,4,2,7,13,8,0,0,13,23,19,74,2,0,29,21,104,91,13,1,15
1734,0,3,9,0,0,3,0,1,2,0,3,7,10,16,1,0,4,2,7,13,8,0,0,8,31,17,36,1,0,10,23,101,102,5,1,15
2231,0,7,17,0,0,1,0,2,4,0,4,10,14,7,1,0,2,5,16,14,2,0,0,13,23,19,74,2,0,29,21,104,91,13,0,7
2231,0,7,17,0,0,1,0,2,4,0,4,10,14,7,1,0,2,5,16,14,2,0,0,8,31,17,36,1,0,10,23,101,102,5,0,7
1647,0,2,3,1,0,0,0,4,6,1,2,8,10,8,0,0,3,4,8,11,-4,1,1,7,36,20,37,0,0,35,13,126,112,4,1,8
1647,0,2,3,1,0,0,0,4,6,1,2,8,10,8,0,0,3,4,8,11,-4,1,1,7,22,15,36,1,3,23,25,116,114,8,1,8
3898,1,13,25,1,4,7,1,3,5,1,4,14,18,14,1,2,8,4,33,30,5,1,1,7,36,20,37,0,0,35,13,126,112,4,0,3
3898,1,13,25,1,4,7,1,3,5,1,4,14,18,14,1,2,8,4,33,30,5,1,1,7,22,15,36,1,3,23,25,116,114,8,0,3
1536,1,0,1,0,0,1,0,4,4,1,1,6,7,4,3,0,6,5,4,4,0,1,0,5,31,17,23,6,0,68,15,66,88,-5,0,2
1536,1,0,1,0,0,1,0,4,4,1,1,6,7,4,3,0,6,5,4,4,0,1,1,16,19,17,46,3,0,15,22,139,118,13,0,2
2310,1,8,15,1,1,1,1,4,4,1,6,6,12,11,2,0,3,4,21,25,17,1,0,5,31,17,23,6,0,68,15,66,88,-5,1,4
2310,1,8,15,1,1,1,1,4,4,1,6,6,12,11,2,0,3,4,21,25,17,1,1,16,19,17,46,3,0,15,22,139,118,13,1,4
1992,0,14,22,1,1,1,1,8,10,1,7,14,21,3,1,2,6,5,37,32,5,1,1,22,40,32,22,2,5,18,41,124,101,17,0,2
1992,0,14,22,1,1,1,1,8,10,1,7,14,21,3,1,2,6,5,37,32,5,1,1,20,28,25,28,0,0,13,30,127,94,6,0,2
2053,0,10,18,1,0,3,0,5,6,1,6,13,19,6,0,0,3,6,25,23,26,1,1,22,40,32,22,2,5,18,41,124,101,17,1,26
2053,0,10,18,1,0,3,0,5,6,1,6,13,19,6,0,0,3,6,25,23,26,1,1,20,28,25,28,0,0,13,30,127,94,6,1,26
1765,0,7,14,0,4,8,0,2,2,1,1,5,6,6,1,1,3,1,20,18,-17,1,1,4,24,12,33,2,3,17,27,123,125,10,0,7
1765,0,7,14,0,4,8,0,2,2,1,1,5,6,6,1,1,3,1,20,18,-17,1,1,5,33,18,52,0,0,18,28,140,129,11,0,7
2211,1,10,15,1,2,3,1,7,8,1,2,10,12,8,0,0,4,6,29,26,-5,1,1,4,24,12,33,2,3,17,27,123,125,10,0,11
2211,1,10,15,1,2,3,1,7,8,1,2,10,12,8,0,0,4,6,29,26,-5,1,1,5,33,18,52,0,0,18,28,140,129,11,0,11
1979,0,6,14,0,0,1,0,2,3,1,4,8,12,7,2,0,3,3,14,14,-14,0,0,18,39,28,35,3,0,16,27,105,118,1,0,10
1979,0,6,14,0,0,1,0,2,3,1,4,8,12,7,2,0,3,3,14,14,-14,0,0,8,21,14,11,0,7,6,32,103,102,10,0,10
2514,0,11,26,0,2,6,0,5,7,1,4,9,13,2,0,4,2,3,29,21,-2,0,0,18,39,28,35,3,0,16,27,105,118,1,0,4
2514,0,11,26,0,2,6,0,5,7,1,4,9,13,2,0,4,2,3,29,21,-2,0,0,8,21,14,11,0,7,6,32,103,102,10,0,4
1522,0,5,11,0,1,2,0,1,2,0,1,8,9,7,4,1,2,3,12,15,37,1,0,5,25,17,30,7,4,14,22,114,71,10,1,45
2045,1,10,20,0,2,8,0,3,4,1,3,7,10,8,1,0,1,2,25,24,-11,1,1,9,23,16,35,1,0,4,28,130,123,10,0,10
1954,1,8,18,0,3,8,0,1,1,1,3,2,5,5,1,0,3,1,20,14,-16,1,1,9,7,8,26,2,0,14,28,105,110,7,0,6
2202,1,3,13,0,1,5,0,0,0,0,2,10,12,10,1,0,3,4,7,7,4,0,0,6,34,20,34,1,0,19,20,84,106,-5,1,2
1372,0,2,7,0,0,3,0,2,2,1,3,7,10,11,2,0,0,4,6,14,7,0,0,14,34,24,58,4,0,0,15,139,86,16,1,25
1631,1,6,20,0,0,7,0,4,5,1,2,4,6,5,0,1,4,4,16,5,15,0,0,7,12,10,31,0,3,15,39,79,102,-6,1,7
1356,0,5,14,0,2,4,0,2,2,1,0,7,7,7,1,1,3,1,14,12,14,0,0,0,29,15,41,2,4,17,33,101,82,10,1,32
1923,1,7,12,1,0,2,0,1,1,1,3,3,6,7,1,1,1,3,15,17,2,1,1,10,11,11,36,2,2,7,18,139,120,7,1,1
2130,1,8,13,1,0,1,0,7,8,1,4,7,11,15,2,0,2,1,23,32,14,1,1,11,23,16,70,3,0,11,21,154,100,24,1,3
2078,1,5,13,0,1,3,0,1,2,0,0,8,8,13,1,0,1,3,12,15,10,0,0,0,27,15,53,2,0,7,21,114,115,6,1,6
2002,1,6,18,0,0,6,0,4,5,1,4,7,11,6,1,2,4,5,16,11,8,0,0,10,21,15,28,2,6,16,29,90,115,-2,0,6
1958,1,9,17,1,0,2,0,6,7,1,4,7,11,7,2,0,1,1,24,26,-6,1,1,11,22,16,45,3,0,5,26,129,98,14,0,8
2304,0,9,14,1,1,2,0,8,9,1,3,9,12,6,2,0,3,3,27,27,6,1,1,10,32,20,27,3,0,14,26,144,112,12,1,6
2145,0,8,16,0,2,4,0,6,6,1,3,12,15,9,3,0,6,3,24,24,10,1,1,11,29,22,39,4,0,24,30,118,90,12,1,11
2074,0,11,19,1,0,1,0,4,5,1,4,6,10,4,2,0,3,0,26,23,1,1,1,12,18,15,27,3,0,12,34,118,94,12,1,9
2097,0,13,25,1,2,6,0,4,4,1,6,10,16,4,3,1,5,4,32,27,15,1,1,21,34,28,17,4,3,16,39,116,109,6,1,8
1237,1,7,15,0,2,2,1,3,3,1,2,4,6,3,0,1,4,2,19,12,-16,1,1,8,25,15,28,0,3,20,40,101,132,3,0,21
1859,1,1,5,0,1,1,1,1,2,0,2,2,4,10,2,0,5,1,4,6,-9,0,0,6,7,6,46,3,0,46,15,84,112,-3,0,8
2216,0,10,14,1,1,4,0,0,0,0,0,9,9,9,0,0,6,6,21,16,3,1,1,0,24,13,45,0,0,30,23,112,105,5,1,3
2260,1,8,11,1,0,2,0,7,8,1,1,7,8,9,3,1,4,3,23,26,12,1,1,4,21,13,36,4,2,22,22,144,115,9,1,4
2069,0,8,16,0,1,2,0,2,3,1,6,8,14,15,1,3,5,3,19,25,6,1,1,19,21,20,64,2,6,22,28,121,110,14,1,7
1895,1,10,18,1,3,8,0,3,4,1,3,10,13,6,1,1,5,1,26,23,12,1,1,11,34,23,35,2,3,20,32,121,111,12,1,4
2056,0,16,29,1,3,9,0,4,5,1,8,4,12,6,3,1,2,1,39,37,8,1,1,22,14,18,34,4,3,6,40,136,109,21,1,13
1688,1,11,20,1,1,1,1,1,1,1,5,8,13,4,2,1,8,2,24,17,-22,1,1,19,38,28,27,3,6,28,42,94,117,4,0,12
2377,1,11,21,1,1,2,0,6,6,1,3,8,11,10,1,0,3,3,29,27,9,1,1,8,22,15,44,1,0,11,29,130,106,14,1,4
1668,0,8,19,0,0,5,0,2,3,1,5,9,14,10,0,2,1,3,18,20,6,0,0,19,34,27,48,0,6,5,32,123,99,11,1,21
2028,1,8,15,1,1,4,0,6,7,1,1,9,10,4,0,1,2,0,23,20,8,1,1,3,25,14,25,0,2,10,25,124,106,9,0,9
2203,0,15,23,1,4,7,1,6,8,1,1,9,10,8,0,0,3,4,40,34,17,1,1,4,30,18,41,0,0,10,38,141,118,18,1,3
1393,0,6,12,0,0,1,0,5,5,1,1,3,4,8,0,0,3,3,17,14,-21,1,0,4,16,10,56,0,0,17,33,119,149,2,0,31
1528,0,6,18,0,0,3,0,6,6,1,4,4,8,11,1,1,2,3,18,18,26,0,0,18,16,17,54,2,3,9,38,124,108,6,1,30
1659,0,8,12,1,3,6,0,0,1,0,3,8,11,12,1,0,1,3,19,25,21,1,1,15,39,27,58,2,0,7,22,171,111,24,1,22
2225,1,10,21,0,1,7,0,7,7,1,3,18,21,6,2,1,3,5,28,27,-11,1,0,10,47,30,27,3,3,11,32,123,103,10,0,6
2024,0,12,22,1,2,3,1,6,7,1,6,12,18,10,1,0,1,1,32,35,16,1,1,21,34,28,46,1,0,4,32,147,102,21,1,16
2076,1,10,20,0,1,8,0,3,3,1,1,4,5,3,4,0,4,3,24,17,5,1,1,3,15,9,18,6,0,16,33,101,91,8,1,3
2227,1,9,16,1,0,2,0,2,2,1,1,12,13,10,3,2,2,2,20,25,17,1,1,3,34,18,43,4,5,11,23,121,90,13,1,6
1886,0,12,15,1,1,2,0,6,6,1,4,9,13,9,1,0,2,4,31,34,14,1,1,21,37,30,42,2,0,10,30,176,131,18,1,14
1756,1,4,13,0,0,2,0,5,8,1,8,8,16,10,0,0,5,4,13,13,-1,0,0,27,32,30,46,0,0,23,34,102,116,-2,1,1
1544,1,7,17,0,0,3,0,2,3,1,1,2,3,4,3,0,3,4,16,9,-16,0,0,4,10,7,27,6,0,14,35,85,122,-3,0,26
2027,1,8,13,1,1,3,0,8,10,1,2,12,14,10,1,1,2,3,25,29,5,1,1,6,42,23,37,1,2,10,23,149,122,13,0,5
2119,1,11,22,0,1,5,0,4,4,1,2,8,10,10,3,0,4,2,27,25,2,1,1,6,28,17,44,4,0,14,34,110,108,12,0,7
2189,0,7,16,0,3,3,1,6,7,1,0,12,12,4,0,0,7,3,23,12,16,1,1,0,38,17,18,0,0,27,31,91,91,-1,1,16
2172,0,7,17,0,0,2,0,6,6,1,4,14,18,11,1,0,4,1,20,22,2,1,0,11,38,25,41,1,0,17,26,113,107,8,1,2
1825,1,7,16,0,1,2,0,4,4,1,5,8,13,8,1,0,4,4,19,18,3,1,0,14,26,20,41,2,0,18,27,114,101,6,1,10
1662,0,9,16,1,0,2,0,4,6,1,3,13,16,3,3,1,6,5,22,17,14,1,1,12,44,30,18,5,3,24,35,97,75,4,1,27
2087,0,11,25,0,4,7,1,10,13,1,1,8,9,10,0,1,2,2,36,30,22,1,1,3,22,13,53,0,2,6,37,128,106,16,1,9
1901,0,5,15,0,0,1,0,6,7,1,6,7,13,7,0,0,5,5,16,11,2,0,0,18,22,20,33,0,0,22,29,95,114,-1,0,7
1294,0,7,11,1,1,2,0,5,6,1,4,5,9,7,2,2,2,4,20,24,6,1,1,20,24,22,66,4,7,13,29,145,100,24,0,8
2305,1,10,14,1,2,2,1,0,0,0,4,6,10,6,0,0,3,2,22,21,10,1,1,11,18,14,26,0,0,18,20,138,111,8,0,1
2124,1,3,5,1,0,1,0,6,8,1,4,13,17,8,3,0,2,1,12,22,16,1,1,10,42,24,26,4,0,19,13,146,94,11,1,16
1728,1,5,10,0,1,1,1,5,8,1,3,3,6,4,4,1,2,2,16,18,-29,1,1,10,13,11,27,6,3,13,22,120,108,12,0,17
1584,0,9,14,1,0,0,0,0,0,0,4,4,8,7,0,1,4,4,18,16,2,1,1,24,18,20,37,0,3,22,31,124,115,0,1,26
1798,0,4,9,0,0,2,0,3,4,1,2,12,14,8,0,1,2,1,11,15,-12,1,0,8,43,27,39,0,3,16,20,115,105,6,1,1
2061,0,11,21,1,2,7,0,2,2,1,3,4,7,5,0,0,4,3,26,17,5,1,1,10,15,12,30,0,0,16,36,109,116,3,1,2
2152,1,9,14,1,3,7,0,0,0,0,2,11,13,7,2,3,3,2,21,25,15,1,1,7,28,20,28,3,7,18,20,136,94,16,1,9
2096,1,6,12,0,2,4,0,1,1,1,3,3,6,11,0,0,1,1,15,18,-10,1,1,10,11,11,40,0,0,7,18,146,125,7,1,5
1693,1,8,20,0,1,3,0,4,6,1,4,13,17,5,0,0,1,3,21,17,17,0,0,13,42,27,32,0,0,4,36,114,95,5,1,18
1772,1,8,16,0,1,3,0,2,2,1,3,8,11,8,1,4,1,2,19,23,-19,1,1,9,36,20,65,2,9,6,25,127,116,21,0,36
1998,0,10,24,0,0,5,0,3,5,1,3,12,15,2,0,0,3,3,23,12,-9,0,0,9,28,19,13,0,0,10,38,87,91,0,1,3
1492,1,7,14,0,0,0,0,2,2,1,3,5,8,6,0,2,2,3,16,15,-1,1,0,14,23,18,66,0,8,12,30,108,117,13,0,27
2061,1,10,16,1,1,3,0,2,2,1,2,14,16,3,1,0,2,3,23,21,7,1,1,9,46,30,12,2,0,11,26,130,105,6,1,10
1815,0,11,15,1,0,2,0,1,3,0,2,12,14,4,2,1,2,3,23,23,1,1,1,6,35,20,36,3,2,11,26,128,85,18,0,5
1662,1,4,10,0,0,3,0,2,3,1,2,3,5,6,4,0,6,1,10,8,-10,0,0,6,13,9,36,6,0,35,24,73,104,-2,0,14
1720,0,9,10,1,0,1,0,2,3,1,0,11,11,9,0,0,5,3,20,20,18,1,1,0,37,22,47,0,0,31,26,125,87,12,1,28
2205,0,9,15,1,1,4,0,3,4,1,3,10,13,9,2,1,2,3,22,26,6,1,1,10,34,22,38,3,2,11,23,139,111,13,1,9
963,1,1,6,0,0,0,0,0,2,0,2,3,5,2,1,1,1,6,2,-1,-15,0,0,14,24,19,16,3,6,13,22,57,112,-15,0,10
2195,0,13,26,0,1,7,0,2,2,1,3,11,14,2,3,0,4,4,29,20,16,1,1,9,30,20,12,4,0,13,38,100,93,4,1,4
